Insert into USER (user_id, name, password, amount_debt) values ('8014','name_8014', 'password', 1000.00);
Insert into XWINDOW (user_id) values ('8014');
Insert into USER (user_id, name, password, amount_debt) values ('4373','name_4373', 'password', 1000.00);
Insert into XWINDOW (user_id) values ('4373');
Insert into USER (user_id, name, password, amount_debt) values ('4178','name_4178', 'password', 1000.00);
Insert into XWINDOW (user_id) values ('4178');
Insert into USER (user_id, name, password, amount_debt) values ('2788','name_2788', 'password', 1000.00);
Insert into XWINDOW (user_id) values ('2788');
Insert into USER (user_id, name, password, amount_debt) values ('676','name_676', 'password', 1000.00);
Insert into XWINDOW (user_id) values ('676');
Insert into USER (user_id, name, password, amount_debt) values ('2983','name_2983', 'password', 1000.00);
Insert into XWINDOW (user_id) values ('2983');
Insert into USER (user_id, name, password, amount_debt) values ('4522','name_4522', 'password', 1000.00);
Insert into XWINDOW (user_id) values ('4522');
Insert into USER (user_id, name, password, amount_debt) values ('8647','name_8647', 'password', 1000.00);
Insert into XWINDOW (user_id) values ('8647');
Insert into USER (user_id, name, password, amount_debt) values ('7837','name_7837', 'password', 1000.00);
Insert into XWINDOW (user_id) values ('7837');
Insert into USER (user_id, name, password, amount_debt) values ('3170','name_3170', 'password', 1000.00);
Insert into XWINDOW (user_id) values ('3170');
Insert into USER (user_id, name, password, amount_debt) values ('8101','name_8101', 'password', 1000.00);
Insert into XWINDOW (user_id) values ('8101');
Insert into USER (user_id, name, password, amount_debt) values ('3091','name_3091', 'password', 1000.00);
Insert into XWINDOW (user_id) values ('3091');
Insert into USER (user_id, name, password, amount_debt) values ('7457','name_7457', 'password', 1000.00);
Insert into XWINDOW (user_id) values ('7457');
Insert into USER (user_id, name, password, amount_debt) values ('6884','name_6884', 'password', 1000.00);
Insert into XWINDOW (user_id) values ('6884');
Insert into USER (user_id, name, password, amount_debt) values ('3056','name_3056', 'password', 1000.00);
Insert into XWINDOW (user_id) values ('3056');
Insert into USER (user_id, name, password, amount_debt) values ('444','name_444', 'password', 1000.00);
Insert into XWINDOW (user_id) values ('444');
Insert into USER (user_id, name, password, amount_debt) values ('2035','name_2035', 'password', 1000.00);
Insert into XWINDOW (user_id) values ('2035');
Insert into USER (user_id, name, password, amount_debt) values ('208','name_208', 'password', 1000.00);
Insert into XWINDOW (user_id) values ('208');
Insert into USER (user_id, name, password, amount_debt) values ('3643','name_3643', 'password', 1000.00);
Insert into XWINDOW (user_id) values ('3643');
Insert into USER (user_id, name, password, amount_debt) values ('6515','name_6515', 'password', 1000.00);
Insert into XWINDOW (user_id) values ('6515');
Insert into USER (user_id, name, password, amount_debt) values ('7725','name_7725', 'password', 1000.00);
Insert into XWINDOW (user_id) values ('7725');
Insert into USER (user_id, name, password, amount_debt) values ('2517','name_2517', 'password', 1000.00);
Insert into XWINDOW (user_id) values ('2517');
Insert into USER (user_id, name, password, amount_debt) values ('3725','name_3725', 'password', 1000.00);
Insert into XWINDOW (user_id) values ('3725');
Insert into USER (user_id, name, password, amount_debt) values ('6054','name_6054', 'password', 1000.00);
Insert into XWINDOW (user_id) values ('6054');
Insert into USER (user_id, name, password, amount_debt) values ('5000','name_5000', 'password', 1000.00);
Insert into XWINDOW (user_id) values ('5000');
Insert into USER (user_id, name, password, amount_debt) values ('1241','name_1241', 'password', 1000.00);
Insert into XWINDOW (user_id) values ('1241');
Insert into USER (user_id, name, password, amount_debt) values ('1481','name_1481', 'password', 1000.00);
Insert into XWINDOW (user_id) values ('1481');
Insert into USER (user_id, name, password, amount_debt) values ('8392','name_8392', 'password', 1000.00);
Insert into XWINDOW (user_id) values ('8392');
Insert into USER (user_id, name, password, amount_debt) values ('5480','name_5480', 'password', 1000.00);
Insert into XWINDOW (user_id) values ('5480');
Insert into USER (user_id, name, password, amount_debt) values ('7140','name_7140', 'password', 1000.00);
Insert into XWINDOW (user_id) values ('7140');
Insert into USER (user_id, name, password, amount_debt) values ('4708','name_4708', 'password', 1000.00);
Insert into XWINDOW (user_id) values ('4708');
Insert into USER (user_id, name, password, amount_debt) values ('2126','name_2126', 'password', 1000.00);
Insert into XWINDOW (user_id) values ('2126');
Insert into USER (user_id, name, password, amount_debt) values ('2884','name_2884', 'password', 1000.00);
Insert into XWINDOW (user_id) values ('2884');
Insert into USER (user_id, name, password, amount_debt) values ('1354','name_1354', 'password', 1000.00);
Insert into XWINDOW (user_id) values ('1354');
Insert into USER (user_id, name, password, amount_debt) values ('1155','name_1155', 'password', 1000.00);
Insert into XWINDOW (user_id) values ('1155');
Insert into USER (user_id, name, password, amount_debt) values ('6326','name_6326', 'password', 1000.00);
Insert into XWINDOW (user_id) values ('6326');
Insert into USER (user_id, name, password, amount_debt) values ('218','name_218', 'password', 1000.00);
Insert into XWINDOW (user_id) values ('218');
Insert into USER (user_id, name, password, amount_debt) values ('779','name_779', 'password', 1000.00);
Insert into XWINDOW (user_id) values ('779');
Insert into USER (user_id, name, password, amount_debt) values ('3775','name_3775', 'password', 1000.00);
Insert into XWINDOW (user_id) values ('3775');
Insert into USER (user_id, name, password, amount_debt) values ('3897','name_3897', 'password', 1000.00);
Insert into XWINDOW (user_id) values ('3897');
Insert into USER (user_id, name, password, amount_debt) values ('7812','name_7812', 'password', 1000.00);
Insert into XWINDOW (user_id) values ('7812');
Insert into USER (user_id, name, password, amount_debt) values ('2926','name_2926', 'password', 1000.00);
Insert into XWINDOW (user_id) values ('2926');
Insert into USER (user_id, name, password, amount_debt) values ('4481','name_4481', 'password', 1000.00);
Insert into XWINDOW (user_id) values ('4481');
Insert into USER (user_id, name, password, amount_debt) values ('5297','name_5297', 'password', 1000.00);
Insert into XWINDOW (user_id) values ('5297');
Insert into USER (user_id, name, password, amount_debt) values ('4442','name_4442', 'password', 1000.00);
Insert into XWINDOW (user_id) values ('4442');
Insert into USER (user_id, name, password, amount_debt) values ('5696','name_5696', 'password', 1000.00);
Insert into XWINDOW (user_id) values ('5696');
Insert into USER (user_id, name, password, amount_debt) values ('8125','name_8125', 'password', 1000.00);
Insert into XWINDOW (user_id) values ('8125');
Insert into USER (user_id, name, password, amount_debt) values ('3112','name_3112', 'password', 1000.00);
Insert into XWINDOW (user_id) values ('3112');
Insert into USER (user_id, name, password, amount_debt) values ('2780','name_2780', 'password', 1000.00);
Insert into XWINDOW (user_id) values ('2780');
Insert into USER (user_id, name, password, amount_debt) values ('1092','name_1092', 'password', 1000.00);
Insert into XWINDOW (user_id) values ('1092');
Insert into USER (user_id, name, password, amount_debt) values ('1245','name_1245', 'password', 1000.00);
Insert into XWINDOW (user_id) values ('1245');
Insert into USER (user_id, name, password, amount_debt) values ('7944','name_7944', 'password', 1000.00);
Insert into XWINDOW (user_id) values ('7944');
Insert into USER (user_id, name, password, amount_debt) values ('5724','name_5724', 'password', 1000.00);
Insert into XWINDOW (user_id) values ('5724');
Insert into USER (user_id, name, password, amount_debt) values ('3701','name_3701', 'password', 1000.00);
Insert into XWINDOW (user_id) values ('3701');
Insert into USER (user_id, name, password, amount_debt) values ('3900','name_3900', 'password', 1000.00);
Insert into XWINDOW (user_id) values ('3900');


Insert into MESSAGE (user_id, is_user_message, message, message_time) values ('208', 1, 'So it means if u pay ua loan before the due date is a disadvantage the last time I paid earlier it was still a problem', parsedatetime('2017-02-01 19:29:05', 'yyyy-MM-dd hh:mm:ss'));
Insert into MESSAGE (user_id, is_user_message, message, message_time) values ('208', 1, 'The dates of payment are still indicated n no money sent', parsedatetime('2017-02-01 19:21:58', 'yyyy-MM-dd hh:mm:ss'));
Insert into MESSAGE (user_id, is_user_message, message, message_time) values ('208', 1, 'Why was my application rejected', parsedatetime('2017-02-01 19:21:18', 'yyyy-MM-dd hh:mm:ss'));
Insert into MESSAGE (user_id, is_user_message, message, message_time) values ('208', 1, 'Hi branch I requested my number to remain the one I was using there before 0720225243  I don''t understand how it changed', parsedatetime('2017-02-01 19:05:45', 'yyyy-MM-dd hh:mm:ss'));
Insert into MESSAGE (user_id, is_user_message, message, message_time) values ('218', 1, 'I said ill pay 5th esther camoon.. Infact you guys took a week to give me a loan and just cant wait 4days for me to pay back??', parsedatetime('2017-02-01 16:08:21', 'yyyy-MM-dd hh:mm:ss'));
Insert into MESSAGE (user_id, is_user_message, message, message_time) values ('218', 1, 'I  will pay on sunday of 5th and i will pay all the amount.. If that is allowed??', parsedatetime('2017-02-01 14:07:37', 'yyyy-MM-dd hh:mm:ss'));
Insert into MESSAGE (user_id, is_user_message, message, message_time) values ('218', 1, 'I have a late source of salary i expected but i will pay nexr', parsedatetime('2017-02-01 12:07:07', 'yyyy-MM-dd hh:mm:ss'));
Insert into MESSAGE (user_id, is_user_message, message, message_time) values ('444', 1, 'I will clear my loan before 15nth', parsedatetime('2017-02-02 15:57:36', 'yyyy-MM-dd hh:mm:ss'));
Insert into MESSAGE (user_id, is_user_message, message, message_time) values ('676', 1, 'Hi can i get the batch number', parsedatetime('2017-02-03 14:23:45', 'yyyy-MM-dd hh:mm:ss'));
Insert into MESSAGE (user_id, is_user_message, message, message_time) values ('676', 1, 'Hi can i get the batch number pl', parsedatetime('2017-02-03 14:23:25', 'yyyy-MM-dd hh:mm:ss'));
Insert into MESSAGE (user_id, is_user_message, message, message_time) values ('779', 1, 'I Still not satisfied. I am still asking for a review.  My number is 0723506931 or at least give me a clear reason.  Thanks', parsedatetime('2017-02-03 18:59:40', 'yyyy-MM-dd hh:mm:ss'));
Insert into MESSAGE (user_id, is_user_message, message, message_time) values ('779', 1, 'My number is 0723506931. please have a review of my loan. I haven''t defaulted and I have cleared my outstanding loan on the due date.', parsedatetime('2017-02-02 17:33:52', 'yyyy-MM-dd hh:mm:ss'));
Insert into MESSAGE (user_id, is_user_message, message, message_time) values ('779', 1, 'Hi branch I have just cleared my  loan which was due today but unfortunately you have denied me. I haven''t applied for a loan since December but your system says that I have applied for a loan last week. Please review my loan', parsedatetime('2017-02-02 17:29:24', 'yyyy-MM-dd hh:mm:ss'));
Insert into MESSAGE (user_id, is_user_message, message, message_time) values ('1092', 1, 'I got only this number please help me', parsedatetime('2017-02-03 18:53:47', 'yyyy-MM-dd hh:mm:ss'));
Insert into MESSAGE (user_id, is_user_message, message, message_time) values ('1092', 1, 'My number is 0790898526 help me to validate it please so i can be able to access the loan', parsedatetime('2017-02-01 19:02:59', 'yyyy-MM-dd hh:mm:ss'));
Insert into MESSAGE (user_id, is_user_message, message, message_time) values ('1155', 1, 'Hello', parsedatetime('2017-02-03 7:01:34', 'yyyy-MM-dd hh:mm:ss'));
Insert into MESSAGE (user_id, is_user_message, message, message_time) values ('1241', 1, 'Thanks Branch for being understanding ..have cleared my loan....God bless you', parsedatetime('2017-02-01 12:43:51', 'yyyy-MM-dd hh:mm:ss'));
Insert into MESSAGE (user_id, is_user_message, message, message_time) values ('1245', 1, 'Hi', parsedatetime('2017-02-03 16:28:35', 'yyyy-MM-dd hh:mm:ss'));
Insert into MESSAGE (user_id, is_user_message, message, message_time) values ('1245', 1, 'I have to clear by tomorrow please send me the batch number', parsedatetime('2017-02-02 16:47:18', 'yyyy-MM-dd hh:mm:ss'));
Insert into MESSAGE (user_id, is_user_message, message, message_time) values ('1245', 1, 'I was at CRB offices and they haven''t received your clearance batch number. Please send it to me so I can clear with them.', parsedatetime('2017-02-02 16:19:26', 'yyyy-MM-dd hh:mm:ss'));
Insert into MESSAGE (user_id, is_user_message, message, message_time) values ('1354', 1, 'No need just expunge my details from the system', parsedatetime('2017-02-03 5:17:48', 'yyyy-MM-dd hh:mm:ss'));
Insert into MESSAGE (user_id, is_user_message, message, message_time) values ('1354', 1, 'Thank you for the loans i have benefitted from ""the branch"". Kindly expunge my details from your system. Its frustrating to be told to re apply in 7 days week in week out....it makes me look like a criminal. I will not be applying again."', parsedatetime('2017-02-02 21:33:40', 'yyyy-MM-dd hh:mm:ss'));
Insert into MESSAGE (user_id, is_user_message, message, message_time) values ('1354', 1, 'My loan has been rejected because it was rejected recently', parsedatetime('2017-02-02 12:02:10', 'yyyy-MM-dd hh:mm:ss'));
Insert into MESSAGE (user_id, is_user_message, message, message_time) values ('1481', 1, 'Hello. Why can''t you make the loan payment options more... like say a choice between weekly and monthly.. someone to choose when applying for the loans..  regards', parsedatetime('2017-02-03 1:52:01', 'yyyy-MM-dd hh:mm:ss'));
Insert into MESSAGE (user_id, is_user_message, message, message_time) values ('2035', 1, 'Ok', parsedatetime('2017-02-03 9:06:39', 'yyyy-MM-dd hh:mm:ss'));
Insert into MESSAGE (user_id, is_user_message, message, message_time) values ('2035', 1, 'Hi', parsedatetime('2017-02-02 18:25:13', 'yyyy-MM-dd hh:mm:ss'));
Insert into MESSAGE (user_id, is_user_message, message, message_time) values ('2035', 1, 'Someone used', parsedatetime('2017-02-02 17:55:39', 'yyyy-MM-dd hh:mm:ss'));
Insert into MESSAGE (user_id, is_user_message, message, message_time) values ('2035', 1, 'What am i supposed to do after paying in order to re', parsedatetime('2017-02-02 5:59:11', 'yyyy-MM-dd hh:mm:ss'));
Insert into MESSAGE (user_id, is_user_message, message, message_time) values ('2126', 1, 'Any response to my above queries please???', parsedatetime('2017-02-01 16:06:23', 'yyyy-MM-dd hh:mm:ss'));
Insert into MESSAGE (user_id, is_user_message, message, message_time) values ('2126', 1, 'Kindly advise what sms are not in my phone....', parsedatetime('2017-02-01 15:58:00', 'yyyy-MM-dd hh:mm:ss'));
Insert into MESSAGE (user_id, is_user_message, message, message_time) values ('2126', 1, 'And have no current loan... Im upto date ...', parsedatetime('2017-02-01 15:52:19', 'yyyy-MM-dd hh:mm:ss'));
Insert into MESSAGE (user_id, is_user_message, message, message_time) values ('2126', 1, 'If there is a way u can check the mpesa sms in my phone.. Check and see all transactions sms are available ....and mpesa account is very active', parsedatetime('2017-02-01 15:51:32', 'yyyy-MM-dd hh:mm:ss'));
Insert into MESSAGE (user_id, is_user_message, message, message_time) values ('2126', 1, 'All my Mpesa sms are stored in sim card for long period ...and none has been deleted...', parsedatetime('2017-02-01 15:50:24', 'yyyy-MM-dd hh:mm:ss'));
Insert into MESSAGE (user_id, is_user_message, message, message_time) values ('2126', 1, 'What SMSs should i accumulate on my phone?', parsedatetime('2017-02-01 15:47:10', 'yyyy-MM-dd hh:mm:ss'));
Insert into MESSAGE (user_id, is_user_message, message, message_time) values ('2126', 1, 'Why has my loan application been rejected and i have never defaulted on any repayments and l always pay on time?', parsedatetime('2017-02-01 15:37:22', 'yyyy-MM-dd hh:mm:ss'));
Insert into MESSAGE (user_id, is_user_message, message, message_time) values ('2126', 1, 'Why has loan been rejected?', parsedatetime('2017-02-01 15:33:06', 'yyyy-MM-dd hh:mm:ss'));
Insert into MESSAGE (user_id, is_user_message, message, message_time) values ('2517', 1, 'Ok thanks', parsedatetime('2017-02-02 3:20:38', 'yyyy-MM-dd hh:mm:ss'));
Insert into MESSAGE (user_id, is_user_message, message, message_time) values ('2517', 1, 'I forwarded my certificate of clearance from trans union and even you replied that my account was cleared and you gave me a loan  of kshs 250 which I cleared. What is happening to my account?', parsedatetime('2017-02-01 18:06:50', 'yyyy-MM-dd hh:mm:ss'));
Insert into MESSAGE (user_id, is_user_message, message, message_time) values ('2780', 1, 'I cant access your services', parsedatetime('2017-02-01 0:05:55', 'yyyy-MM-dd hh:mm:ss'));
Insert into MESSAGE (user_id, is_user_message, message, message_time) values ('2788', 1, 'ok', parsedatetime('2017-02-02 13:20:16', 'yyyy-MM-dd hh:mm:ss'));
Insert into MESSAGE (user_id, is_user_message, message, message_time) values ('2788', 1, 'I promise to finish my loan by this month', parsedatetime('2017-02-02 12:54:13', 'yyyy-MM-dd hh:mm:ss'));
Insert into MESSAGE (user_id, is_user_message, message, message_time) values ('2884', 1, 'The messages are on my line...', parsedatetime('2017-02-01 7:57:12', 'yyyy-MM-dd hh:mm:ss'));
Insert into MESSAGE (user_id, is_user_message, message, message_time) values ('2884', 1, 'I hv my transaction messages with me y am i not approved to this time? I urgently need the cash', parsedatetime('2017-02-01 7:56:47', 'yyyy-MM-dd hh:mm:ss'));
Insert into MESSAGE (user_id, is_user_message, message, message_time) values ('2926', 1, 'Hi! I hope this will take you well', parsedatetime('2017-02-03 22:42:26', 'yyyy-MM-dd hh:mm:ss'));
Insert into MESSAGE (user_id, is_user_message, message, message_time) values ('2983', 1, 'Another 7 days what! For the third time now.', parsedatetime('2017-02-01 10:49:28', 'yyyy-MM-dd hh:mm:ss'));
Insert into MESSAGE (user_id, is_user_message, message, message_time) values ('3056', 1, 'Hey Branch i am sorry for being late in payment bt i will pay on Monday 6/2/2017 bt the reason of late repayment is due to maturing of cheque because it was signed late bt i apologize n opz it will never happen again.', parsedatetime('2017-02-01 13:57:40', 'yyyy-MM-dd hh:mm:ss'));
Insert into MESSAGE (user_id, is_user_message, message, message_time) values ('3091', 1, 'I''ll pay the 32/= together with Monday''s 566/=', parsedatetime('2017-02-03 8:11:39', 'yyyy-MM-dd hh:mm:ss'));
Insert into MESSAGE (user_id, is_user_message, message, message_time) values ('3112', 1, 'I appreciate for da follow-up u made tanx alot', parsedatetime('2017-02-03 15:22:22', 'yyyy-MM-dd hh:mm:ss'));
Insert into MESSAGE (user_id, is_user_message, message, message_time) values ('3112', 1, 'How long does it for me to get da batch number cz hve cleared ma loan on 31st', parsedatetime('2017-02-03 13:28:40', 'yyyy-MM-dd hh:mm:ss'));
Insert into MESSAGE (user_id, is_user_message, message, message_time) values ('3112', 1, 'Within aweek', parsedatetime('2017-02-03 8:58:06', 'yyyy-MM-dd hh:mm:ss'));
Insert into MESSAGE (user_id, is_user_message, message, message_time) values ('3112', 1, '72hrs', parsedatetime('2017-02-03 8:57:16', 'yyyy-MM-dd hh:mm:ss'));
Insert into MESSAGE (user_id, is_user_message, message, message_time) values ('3112', 1, 'Hope da clearance last for 72grs', parsedatetime('2017-02-03 8:56:44', 'yyyy-MM-dd hh:mm:ss'));
Insert into MESSAGE (user_id, is_user_message, message, message_time) values ('3112', 1, 'Dis is keynan did u shared my details with crb', parsedatetime('2017-02-03 7:39:05', 'yyyy-MM-dd hh:mm:ss'));
Insert into MESSAGE (user_id, is_user_message, message, message_time) values ('3112', 1, 'Can I get batch number plz', parsedatetime('2017-02-03 7:19:54', 'yyyy-MM-dd hh:mm:ss'));
Insert into MESSAGE (user_id, is_user_message, message, message_time) values ('3112', 1, 'Can I have direct contact thus I keep untouched with da concern authorities', parsedatetime('2017-02-02 11:54:53', 'yyyy-MM-dd hh:mm:ss'));
Insert into MESSAGE (user_id, is_user_message, message, message_time) values ('3112', 1, 'Am still getting from another financial institutions dat I owe branch 1068 n have already paid dat amount', parsedatetime('2017-02-02 11:52:37', 'yyyy-MM-dd hh:mm:ss'));
Insert into MESSAGE (user_id, is_user_message, message, message_time) values ('3112', 1, 'Dis is keynan', parsedatetime('2017-02-02 11:40:55', 'yyyy-MM-dd hh:mm:ss'));
Insert into MESSAGE (user_id, is_user_message, message, message_time) values ('3170', 1, 'sorry for that but i am still  searching for the money but will be paying the loan soon as the deadline i had set passed but i am doing all i can to settle the loan', parsedatetime('2017-02-01 14:51:36', 'yyyy-MM-dd hh:mm:ss'));
Insert into MESSAGE (user_id, is_user_message, message, message_time) values ('3643', 1, 'Alright. Thanks.', parsedatetime('2017-02-01 11:05:59', 'yyyy-MM-dd hh:mm:ss'));
Insert into MESSAGE (user_id, is_user_message, message, message_time) values ('3701', 1, 'Do I have any other loan that I didn''t pay', parsedatetime('2017-02-01 12:27:31', 'yyyy-MM-dd hh:mm:ss'));
Insert into MESSAGE (user_id, is_user_message, message, message_time) values ('3701', 1, 'Why don''t you want to give me a loan', parsedatetime('2017-02-01 12:26:40', 'yyyy-MM-dd hh:mm:ss'));
Insert into MESSAGE (user_id, is_user_message, message, message_time) values ('3725', 1, 'Sorry for the delay i block my mpesa pin but now its okey will pay by end of today', parsedatetime('2017-02-01 8:12:05', 'yyyy-MM-dd hh:mm:ss'));
Insert into MESSAGE (user_id, is_user_message, message, message_time) values ('3775', 1, 'Hi Branch', parsedatetime('2017-02-03 9:57:48', 'yyyy-MM-dd hh:mm:ss'));
Insert into MESSAGE (user_id, is_user_message, message, message_time) values ('3897', 1, 'Thanks for understanding my situation I look forward to settling my loans on the time I have promised', parsedatetime('2017-02-03 18:42:29', 'yyyy-MM-dd hh:mm:ss'));
Insert into MESSAGE (user_id, is_user_message, message, message_time) values ('3897', 1, 'I''m expecting to clear by date 8/2/2017', parsedatetime('2017-02-03 8:15:33', 'yyyy-MM-dd hh:mm:ss'));
Insert into MESSAGE (user_id, is_user_message, message, message_time) values ('3897', 1, 'I''ve settled many of your loans before please don''t spoil my credit report', parsedatetime('2017-02-03 7:56:41', 'yyyy-MM-dd hh:mm:ss'));
Insert into MESSAGE (user_id, is_user_message, message, message_time) values ('3897', 1, 'Hi branch kindly let me sort out the issue in a few days... I remain committed to settling my loans on time despite a few constraints', parsedatetime('2017-02-03 7:46:47', 'yyyy-MM-dd hh:mm:ss'));
Insert into MESSAGE (user_id, is_user_message, message, message_time) values ('3900', 1, 'Thanks branch had missed this', parsedatetime('2017-02-02 8:34:54', 'yyyy-MM-dd hh:mm:ss'));
Insert into MESSAGE (user_id, is_user_message, message, message_time) values ('4178', 1, 'Am sorry nlichelewa kulipa loan guys siyo kawaida yangu kuchelewesha lakini ni accident nlioata na mtoto wangu akachomeka na maji moto', parsedatetime('2017-02-01 4:10:13', 'yyyy-MM-dd hh:mm:ss'));
Insert into MESSAGE (user_id, is_user_message, message, message_time) values ('4373', 1, 'When am I qualified to get another loan', parsedatetime('2017-02-03 7:23:12', 'yyyy-MM-dd hh:mm:ss'));
Insert into MESSAGE (user_id, is_user_message, message, message_time) values ('4442', 1, 'Hi! Am sure acc details are correct. Have not received the loan yet...', parsedatetime('2017-02-02 15:31:06', 'yyyy-MM-dd hh:mm:ss'));
Insert into MESSAGE (user_id, is_user_message, message, message_time) values ('4442', 1, 'I require a feedback plz', parsedatetime('2017-02-02 14:22:54', 'yyyy-MM-dd hh:mm:ss'));
Insert into MESSAGE (user_id, is_user_message, message, message_time) values ('4442', 1, 'Did sent the C Certificate', parsedatetime('2017-02-02 13:07:30', 'yyyy-MM-dd hh:mm:ss'));
Insert into MESSAGE (user_id, is_user_message, message, message_time) values ('4481', 1, 'R u guys going to punish me for ever?', parsedatetime('2017-02-03 6:41:44', 'yyyy-MM-dd hh:mm:ss'));
Insert into MESSAGE (user_id, is_user_message, message, message_time) values ('4522', 1, 'Meanings', parsedatetime('2017-02-01 11:41:28', 'yyyy-MM-dd hh:mm:ss'));
Insert into MESSAGE (user_id, is_user_message, message, message_time) values ('4708', 1, 'I cleared last year for how long', parsedatetime('2017-02-02 5:47:09', 'yyyy-MM-dd hh:mm:ss'));
Insert into MESSAGE (user_id, is_user_message, message, message_time) values ('5000', 1, 'Hi Branch', parsedatetime('2017-02-01 20:56:04', 'yyyy-MM-dd hh:mm:ss'));
Insert into MESSAGE (user_id, is_user_message, message, message_time) values ('5297', 1, 'it can''t be 1264 had paid 400 earlier pls update your systems and give the right balance', parsedatetime('2017-02-03 15:38:22', 'yyyy-MM-dd hh:mm:ss'));
Insert into MESSAGE (user_id, is_user_message, message, message_time) values ('5480', 1, 'Hi branch', parsedatetime('2017-02-03 12:28:31', 'yyyy-MM-dd hh:mm:ss'));
Insert into MESSAGE (user_id, is_user_message, message, message_time) values ('5696', 1, 'Iam sending the full amount today just got busy', parsedatetime('2017-02-03 13:00:34', 'yyyy-MM-dd hh:mm:ss'));
Insert into MESSAGE (user_id, is_user_message, message, message_time) values ('5724', 1, 'Some lady from brunch calls me n starts to abuse me just because i said av paid a total of 1000 which she claims from her side av paid on 600 .that my loan is 18394 n yet it shows hear clearly its 17994 .my question is ', parsedatetime('2017-02-03 6:53:55', 'yyyy-MM-dd hh:mm:ss'));
Insert into MESSAGE (user_id, is_user_message, message, message_time) values ('6054', 1, 'Hi', parsedatetime('2017-02-03 15:46:03', 'yyyy-MM-dd hh:mm:ss'));
Insert into MESSAGE (user_id, is_user_message, message, message_time) values ('6326', 1, 'Can''t login', parsedatetime('2017-02-03 13:32:47', 'yyyy-MM-dd hh:mm:ss'));
Insert into MESSAGE (user_id, is_user_message, message, message_time) values ('6515', 1, 'The weekly text rem are a nuisance', parsedatetime('2017-02-02 2:12:24', 'yyyy-MM-dd hh:mm:ss'));
Insert into MESSAGE (user_id, is_user_message, message, message_time) values ('6515', 1, 'The weekly text rimindance', parsedatetime('2017-02-02 2:11:40', 'yyyy-MM-dd hh:mm:ss'));
Insert into MESSAGE (user_id, is_user_message, message, message_time) values ('6515', 1, 'Hi..please I can pay my loan in a month once..adjust your payment schedule and give options whether to pay weekly or monthly..', parsedatetime('2017-02-02 2:09:54', 'yyyy-MM-dd hh:mm:ss'));
Insert into MESSAGE (user_id, is_user_message, message, message_time) values ('6884', 1, 'OK I have paid all of it', parsedatetime('2017-02-01 19:40:52', 'yyyy-MM-dd hh:mm:ss'));
Insert into MESSAGE (user_id, is_user_message, message, message_time) values ('7140', 1, 'Why cant i have a loan now yet i have cleared my previous loan', parsedatetime('2017-02-02 13:06:55', 'yyyy-MM-dd hh:mm:ss'));
Insert into MESSAGE (user_id, is_user_message, message, message_time) values ('7457', 1, 'How do I get a loan', parsedatetime('2017-02-01 22:26:17', 'yyyy-MM-dd hh:mm:ss'));
Insert into MESSAGE (user_id, is_user_message, message, message_time) values ('7725', 1, 'Dear Branch', parsedatetime('2017-02-02 10:25:44', 'yyyy-MM-dd hh:mm:ss'));
Insert into MESSAGE (user_id, is_user_message, message, message_time) values ('7812', 1, 'Hi Branch', parsedatetime('2017-02-01 10:19:24', 'yyyy-MM-dd hh:mm:ss'));
Insert into MESSAGE (user_id, is_user_message, message, message_time) values ('7837', 1, 'So in short  because i don''t  have the SMS  that the e reason.', parsedatetime('2017-02-01 8:56:57', 'yyyy-MM-dd hh:mm:ss'));
Insert into MESSAGE (user_id, is_user_message, message, message_time) values ('7837', 1, 'Why was my loan request rejected and i have been paying on time', parsedatetime('2017-02-01 6:07:30', 'yyyy-MM-dd hh:mm:ss'));
Insert into MESSAGE (user_id, is_user_message, message, message_time) values ('7944', 1, 'Dear Branch', parsedatetime('2017-02-01 7:37:00', 'yyyy-MM-dd hh:mm:ss'));
Insert into MESSAGE (user_id, is_user_message, message, message_time) values ('8014', 1, 'Hi ', parsedatetime('2017-02-02 15:36:51', 'yyyy-MM-dd hh:mm:ss'));
Insert into MESSAGE (user_id, is_user_message, message, message_time) values ('8101', 1, 'I have been trying this app for a long period... When i apply.. Am told try after 7 days...iy has become a song...i this app real or am waisting mi time and bundles for nothing?', parsedatetime('2017-02-01 9:43:04', 'yyyy-MM-dd hh:mm:ss'));
Insert into MESSAGE (user_id, is_user_message, message, message_time) values ('8125', 1, 'Will pay be4 15th', parsedatetime('2017-02-01 2:20:12', 'yyyy-MM-dd hh:mm:ss'));
Insert into MESSAGE (user_id, is_user_message, message, message_time) values ('8392', 1, 'I been with u For long an I made amistake but I won''t repeat it agian I was having a sick ness....', parsedatetime('2017-02-02 13:51:56', 'yyyy-MM-dd hh:mm:ss'));
Insert into MESSAGE (user_id, is_user_message, message, message_time) values ('8647', 1, 'Sorry', parsedatetime('2017-02-01 15:53:24', 'yyyy-MM-dd hh:mm:ss'));
Insert into MESSAGE (user_id, is_user_message, message, message_time) values ('8647', 1, 'Hi Branch...now my Application was rejected recently on 1st Feb 2017. I had borrowed Sh.25', parsedatetime('2017-02-01 15:52:35', 'yyyy-MM-dd hh:mm:ss'));
